timestamp,open,close,high,low,volume
1716093801,1.089855,1.089855,1.089855,1.089855,0
1716093802,1.089845,1.089845,1.089845,1.089845,0
1716093803,1.089845,1.089845,1.089845,1.089845,0
1716093804,1.089845,1.089845,1.089845,1.089845,0
1716093805,1.089855,1.089855,1.089855,1.089855,0
1716093806,1.089865,1.089865,1.089865,1.089865,0
1716093807,1.089865,1.089865,1.089865,1.089865,0
1716093808,1.089865,1.089865,1.089865,1.089865,0
1716093809,1.089875,1.089875,1.089875,1.089875,0
1716093810,1.089885,1.089885,1.089885,1.089885,0
1716093811,1.089875,1.089875,1.089875,1.089875,0
1716093812,1.089885,1.089885,1.089885,1.089885,0
1716093813,1.089875,1.089875,1.089875,1.089875,0
1716093814,1.089875,1.089875,1.089875,1.089875,0
1716093815,1.089875,1.089875,1.089875,1.089875,0
1716093816,1.089855,1.089855,1.089855,1.089855,0
1716093817,1.089855,1.089855,1.089855,1.089855,0
1716093818,1.089855,1.089855,1.089855,1.089855,0
1716093819,1.089855,1.089855,1.089855,1.089855,0
1716093820,1.089875,1.089875,1.089875,1.089875,0
1716093821,1.089875,1.089875,1.089875,1.089875,0
1716093822,1.089865,1.089865,1.089865,1.089865,0
1716093823,1.089865,1.089865,1.089865,1.089865,0
1716093824,1.089865,1.089865,1.089865,1.089865,0
1716093825,1.089865,1.089865,1.089865,1.089865,0
1716093826,1.089855,1.089855,1.089855,1.089855,0
1716093827,1.089845,1.089845,1.089845,1.089845,0
1716093828,1.089855,1.089855,1.089855,1.089855,0
1716093829,1.089835,1.089835,1.089835,1.089835,0
1716093830,1.089835,1.089835,1.089835,1.089835,0
1716093831,1.089835,1.089835,1.089835,1.089835,0
1716093832,1.089835,1.089835,1.089835,1.089835,0
1716093833,1.089805,1.089805,1.089805,1.089805,0
1716093834,1.089795,1.089795,1.089795,1.089795,0
1716093835,1.089775,1.089775,1.089775,1.089775,0
1716093836,1.089775,1.089775,1.089775,1.089775,0
1716093837,1.089765,1.089765,1.089765,1.089765,0
1716093838,1.089765,1.089765,1.089765,1.089765,0
1716093839,1.089765,1.089765,1.089765,1.089765,0
1716093840,1.089755,1.089755,1.089755,1.089755,0
1716093841,1.089765,1.089765,1.089765,1.089765,0
1716093842,1.089755,1.089755,1.089755,1.089755,0
1716093843,1.089735,1.089735,1.089735,1.089735,0
1716093844,1.089725,1.089725,1.089725,1.089725,0
1716093845,1.089725,1.089725,1.089725,1.089725,0
1716093846,1.089725,1.089725,1.089725,1.089725,0
1716093847,1.089735,1.089735,1.089735,1.089735,0
1716093848,1.089725,1.089725,1.089725,1.089725,0
1716093849,1.089735,1.089735,1.089735,1.089735,0
1716093850,1.089735,1.089735,1.089735,1.089735,0
1716093851,1.089735,1.089735,1.089735,1.089735,0
1716093852,1.089725,1.089725,1.089725,1.089725,0
1716093853,1.089725,1.089725,1.089725,1.089725,0
1716093854,1.089725,1.089725,1.089725,1.089725,0
1716093855,1.089705,1.089705,1.089705,1.089705,0
1716093856,1.089705,1.089705,1.089705,1.089705,0
1716093857,1.089695,1.089695,1.089695,1.089695,0
1716093858,1.089695,1.089695,1.089695,1.089695,0
1716093859,1.089695,1.089695,1.089695,1.089695,0
1716093860,1.089705,1.089705,1.089705,1.089705,0
1716093861,1.089725,1.089725,1.089725,1.089725,0
1716093862,1.089735,1.089735,1.089735,1.089735,0
1716093863,1.089725,1.089725,1.089725,1.089725,0
1716093864,1.089725,1.089725,1.089725,1.089725,0
1716093865,1.089725,1.089725,1.089725,1.089725,0
1716093866,1.089725,1.089725,1.089725,1.089725,0
1716093867,1.089715,1.089715,1.089715,1.089715,0
1716093868,1.089715,1.089715,1.089715,1.089715,0
1716093869,1.089705,1.089705,1.089705,1.089705,0
1716093870,1.089695,1.089695,1.089695,1.089695,0
1716093871,1.089695,1.089695,1.089695,1.089695,0
1716093872,1.089705,1.089705,1.089705,1.089705,0
1716093873,1.089685,1.089685,1.089685,1.089685,0
1716093874,1.089695,1.089695,1.089695,1.089695,0
1716093875,1.089685,1.089685,1.089685,1.089685,0
1716093876,1.089695,1.089695,1.089695,1.089695,0
1716093877,1.089695,1.089695,1.089695,1.089695,0
1716093878,1.089705,1.089705,1.089705,1.089705,0
1716093879,1.089705,1.089705,1.089705,1.089705,0
1716093880,1.089685,1.089685,1.089685,1.089685,0
1716093881,1.089685,1.089685,1.089685,1.089685,0
1716093882,1.089685,1.089685,1.089685,1.089685,0
1716093883,1.089675,1.089675,1.089675,1.089675,0
1716093884,1.089685,1.089685,1.089685,1.089685,0
1716093885,1.089675,1.089675,1.089675,1.089675,0
1716093886,1.089675,1.089675,1.089675,1.089675,0
1716093887,1.089695,1.089695,1.089695,1.089695,0
1716093888,1.089695,1.089695,1.089695,1.089695,0
1716093889,1.089695,1.089695,1.089695,1.089695,0
1716093890,1.089695,1.089695,1.089695,1.089695,0
1716093891,1.089695,1.089695,1.089695,1.089695,0
1716093892,1.089705,1.089705,1.089705,1.089705,0
1716093893,1.089705,1.089705,1.089705,1.089705,0
1716093894,1.089715,1.089715,1.089715,1.089715,0
1716093895,1.089705,1.089705,1.089705,1.089705,0
1716093896,1.089675,1.089675,1.089675,1.089675,0
1716093897,1.089675,1.089675,1.089675,1.089675,0
1716093898,1.089685,1.089685,1.089685,1.089685,0
1716093899,1.089695,1.089695,1.089695,1.089695,0
1716093900,1.089705,1.089705,1.089705,1.089705,0
1716093901,1.089705,1.089705,1.089705,1.089705,0
1716093902,1.089705,1.089705,1.089705,1.089705,0
1716093903,1.089725,1.089725,1.089725,1.089725,0
1716093904,1.089725,1.089725,1.089725,1.089725,0
1716093905,1.089715,1.089715,1.089715,1.089715,0
1716093906,1.089725,1.089725,1.089725,1.089725,0
1716093907,1.089725,1.089725,1.089725,1.089725,0
1716093908,1.089705,1.089705,1.089705,1.089705,0
1716093909,1.089705,1.089705,1.089705,1.089705,0
1716093910,1.089685,1.089685,1.089685,1.089685,0
1716093911,1.089685,1.089685,1.089685,1.089685,0
1716093912,1.089675,1.089675,1.089675,1.089675,0
1716093913,1.089685,1.089685,1.089685,1.089685,0
1716093914,1.089675,1.089675,1.089675,1.089675,0
1716093915,1.089705,1.089705,1.089705,1.089705,0
1716093916,1.089675,1.089675,1.089675,1.089675,0
1716093917,1.089675,1.089675,1.089675,1.089675,0
1716093918,1.089695,1.089695,1.089695,1.089695,0
1716093919,1.089695,1.089695,1.089695,1.089695,0
1716093920,1.089685,1.089685,1.089685,1.089685,0
1716093921,1.089685,1.089685,1.089685,1.089685,0
1716093922,1.089675,1.089675,1.089675,1.089675,0
1716093923,1.089665,1.089665,1.089665,1.089665,0
1716093924,1.089665,1.089665,1.089665,1.089665,0
1716093925,1.089665,1.089665,1.089665,1.089665,0
1716093926,1.089655,1.089655,1.089655,1.089655,0
1716093927,1.089715,1.089715,1.089715,1.089715,0
1716093928,1.089705,1.089705,1.089705,1.089705,0
1716093929,1.089705,1.089705,1.089705,1.089705,0
1716093930,1.089715,1.089715,1.089715,1.089715,0
1716093931,1.089735,1.089735,1.089735,1.089735,0
1716093932,1.089735,1.089735,1.089735,1.089735,0
1716093933,1.089715,1.089715,1.089715,1.089715,0
1716093934,1.089745,1.089745,1.089745,1.089745,0
1716093935,1.089755,1.089755,1.089755,1.089755,0
1716093936,1.089755,1.089755,1.089755,1.089755,0
1716093937,1.089755,1.089755,1.089755,1.089755,0
1716093938,1.089755,1.089755,1.089755,1.089755,0
1716093939,1.089765,1.089765,1.089765,1.089765,0
1716093940,1.089765,1.089765,1.089765,1.089765,0
1716093941,1.089745,1.089745,1.089745,1.089745,0
1716093942,1.089745,1.089745,1.089745,1.089745,0
1716093943,1.089785,1.089785,1.089785,1.089785,0
1716093944,1.089765,1.089765,1.089765,1.089765,0
1716093945,1.089755,1.089755,1.089755,1.089755,0
1716093946,1.089755,1.089755,1.089755,1.089755,0
1716093947,1.089745,1.089745,1.089745,1.089745,0
1716093948,1.089755,1.089755,1.089755,1.089755,0
1716093949,1.089755,1.089755,1.089755,1.089755,0
1716093950,1.089745,1.089745,1.089745,1.089745,0
1716093951,1.089755,1.089755,1.089755,1.089755,0
1716093952,1.089745,1.089745,1.089745,1.089745,0
1716093953,1.089745,1.089745,1.089745,1.089745,0
1716093954,1.089745,1.089745,1.089745,1.089745,0
1716093955,1.089735,1.089735,1.089735,1.089735,0
1716093956,1.089715,1.089715,1.089715,1.089715,0
1716093957,1.089715,1.089715,1.089715,1.089715,0
1716093958,1.089715,1.089715,1.089715,1.089715,0
1716093959,1.089705,1.089705,1.089705,1.089705,0
1716093960,1.089715,1.089715,1.089715,1.089715,0
1716093961,1.089715,1.089715,1.089715,1.089715,0
1716093962,1.089725,1.089725,1.089725,1.089725,0
1716093963,1.089715,1.089715,1.089715,1.089715,0
1716093964,1.089755,1.089755,1.089755,1.089755,0
1716093965,1.089755,1.089755,1.089755,1.089755,0
1716093966,1.089755,1.089755,1.089755,1.089755,0
1716093967,1.089755,1.089755,1.089755,1.089755,0
1716093968,1.089755,1.089755,1.089755,1.089755,0
1716093969,1.089765,1.089765,1.089765,1.089765,0
1716093970,1.089765,1.089765,1.089765,1.089765,0
1716093971,1.089775,1.089775,1.089775,1.089775,0
1716093972,1.089755,1.089755,1.089755,1.089755,0
1716093973,1.089765,1.089765,1.089765,1.089765,0
1716093974,1.089765,1.089765,1.089765,1.089765,0
1716093975,1.089775,1.089775,1.089775,1.089775,0
1716093976,1.089775,1.089775,1.089775,1.089775,0
1716093977,1.089765,1.089765,1.089765,1.089765,0
1716093978,1.089755,1.089755,1.089755,1.089755,0
1716093979,1.089755,1.089755,1.089755,1.089755,0
1716093980,1.089755,1.089755,1.089755,1.089755,0
1716093981,1.089735,1.089735,1.089735,1.089735,0
1716093982,1.089735,1.089735,1.089735,1.089735,0
1716093983,1.089725,1.089725,1.089725,1.089725,0
1716093984,1.089725,1.089725,1.089725,1.089725,0
1716093985,1.089725,1.089725,1.089725,1.089725,0
1716093986,1.089715,1.089715,1.089715,1.089715,0
1716093987,1.089695,1.089695,1.089695,1.089695,0
1716093988,1.089695,1.089695,1.089695,1.089695,0
1716093989,1.089685,1.089685,1.089685,1.089685,0
1716093990,1.089675,1.089675,1.089675,1.089675,0
1716093991,1.089695,1.089695,1.089695,1.089695,0
1716093992,1.089695,1.089695,1.089695,1.089695,0
1716093993,1.089715,1.089715,1.089715,1.089715,0
1716093994,1.089725,1.089725,1.089725,1.089725,0
1716093995,1.089745,1.089745,1.089745,1.089745,0
1716093996,1.089735,1.089735,1.089735,1.089735,0
1716093997,1.089735,1.089735,1.089735,1.089735,0
1716093998,1.089745,1.089745,1.089745,1.089745,0
1716093999,1.089755,1.089755,1.089755,1.089755,0
1716094000,1.089745,1.089745,1.089745,1.089745,0
1716094001,1.089745,1.089745,1.089745,1.089745,0
1716094002,1.089725,1.089725,1.089725,1.089725,0
1716094003,1.089715,1.089715,1.089715,1.089715,0
1716094004,1.089695,1.089695,1.089695,1.089695,0
1716094005,1.089715,1.089715,1.089715,1.089715,0
1716094006,1.089715,1.089715,1.089715,1.089715,0
1716094007,1.089715,1.089715,1.089715,1.089715,0
1716094008,1.089715,1.089715,1.089715,1.089715,0
1716094009,1.089715,1.089715,1.089715,1.089715,0
1716094010,1.089735,1.089735,1.089735,1.089735,0
1716094011,1.089725,1.089725,1.089725,1.089725,0
1716094012,1.089695,1.089695,1.089695,1.089695,0
1716094013,1.089665,1.089665,1.089665,1.089665,0
1716094014,1.089675,1.089675,1.089675,1.089675,0
1716094015,1.089675,1.089675,1.089675,1.089675,0
1716094016,1.089665,1.089665,1.089665,1.089665,0
1716094017,1.089675,1.089675,1.089675,1.089675,0
1716094018,1.089685,1.089685,1.089685,1.089685,0
1716094019,1.089685,1.089685,1.089685,1.089685,0
1716094020,1.089685,1.089685,1.089685,1.089685,0
1716094021,1.089675,1.089675,1.089675,1.089675,0
1716094022,1.089675,1.089675,1.089675,1.089675,0
1716094023,1.089675,1.089675,1.089675,1.089675,0
1716094024,1.089665,1.089665,1.089665,1.089665,0
1716094025,1.089675,1.089675,1.089675,1.089675,0
1716094026,1.089665,1.089665,1.089665,1.089665,0
1716094027,1.089635,1.089635,1.089635,1.089635,0
1716094028,1.089635,1.089635,1.089635,1.089635,0
1716094029,1.089635,1.089635,1.089635,1.089635,0
1716094030,1.089615,1.089615,1.089615,1.089615,0
1716094031,1.089625,1.089625,1.089625,1.089625,0
1716094032,1.089635,1.089635,1.089635,1.089635,0
1716094033,1.089645,1.089645,1.089645,1.089645,0
1716094034,1.089635,1.089635,1.089635,1.089635,0
1716094035,1.089635,1.089635,1.089635,1.089635,0
1716094036,1.089635,1.089635,1.089635,1.089635,0
1716094037,1.089625,1.089625,1.089625,1.089625,0
1716094038,1.089615,1.089615,1.089615,1.089615,0
1716094039,1.089615,1.089615,1.089615,1.089615,0
1716094040,1.089625,1.089625,1.089625,1.089625,0
1716094041,1.089625,1.089625,1.089625,1.089625,0
1716094042,1.089635,1.089635,1.089635,1.089635,0
1716094043,1.089635,1.089635,1.089635,1.089635,0
1716094044,1.089645,1.089645,1.089645,1.089645,0
1716094045,1.089645,1.089645,1.089645,1.089645,0
1716094046,1.089645,1.089645,1.089645,1.089645,0
1716094047,1.089625,1.089625,1.089625,1.089625,0
1716094048,1.089625,1.089625,1.089625,1.089625,0
1716094049,1.089625,1.089625,1.089625,1.089625,0
1716094050,1.089635,1.089635,1.089635,1.089635,0
1716094051,1.089645,1.089645,1.089645,1.089645,0
1716094052,1.089635,1.089635,1.089635,1.089635,0
1716094053,1.089635,1.089635,1.089635,1.089635,0
1716094054,1.089645,1.089645,1.089645,1.089645,0
1716094055,1.089635,1.089635,1.089635,1.089635,0
1716094056,1.089625,1.089625,1.089625,1.089625,0
1716094057,1.089625,1.089625,1.089625,1.089625,0
1716094058,1.089625,1.089625,1.089625,1.089625,0
1716094059,1.089625,1.089625,1.089625,1.089625,0
1716094060,1.089625,1.089625,1.089625,1.089625,0
1716094061,1.089605,1.089605,1.089605,1.089605,0
1716094062,1.089615,1.089615,1.089615,1.089615,0
1716094063,1.089585,1.089585,1.089585,1.089585,0
1716094064,1.089595,1.089595,1.089595,1.089595,0
1716094065,1.089585,1.089585,1.089585,1.089585,0
1716094066,1.089585,1.089585,1.089585,1.089585,0
1716094067,1.089585,1.089585,1.089585,1.089585,0
1716094068,1.089585,1.089585,1.089585,1.089585,0
1716094069,1.089565,1.089565,1.089565,1.089565,0
1716094070,1.089555,1.089555,1.089555,1.089555,0
1716094071,1.089555,1.089555,1.089555,1.089555,0
1716094072,1.089555,1.089555,1.089555,1.089555,0
1716094073,1.089525,1.089525,1.089525,1.089525,0
1716094074,1.089515,1.089515,1.089515,1.089515,0
1716094075,1.089525,1.089525,1.089525,1.089525,0
1716094076,1.089515,1.089515,1.089515,1.089515,0
1716094077,1.089515,1.089515,1.089515,1.089515,0
1716094078,1.089505,1.089505,1.089505,1.089505,0
1716094079,1.089525,1.089525,1.089525,1.089525,0
1716094080,1.089515,1.089515,1.089515,1.089515,0
1716094081,1.089515,1.089515,1.089515,1.089515,0
1716094082,1.089525,1.089525,1.089525,1.089525,0
1716094083,1.089515,1.089515,1.089515,1.089515,0
1716094084,1.089515,1.089515,1.089515,1.089515,0
1716094085,1.089535,1.089535,1.089535,1.089535,0
1716094086,1.089545,1.089545,1.089545,1.089545,0
1716094087,1.089535,1.089535,1.089535,1.089535,0
1716094088,1.089525,1.089525,1.089525,1.089525,0
1716094089,1.089535,1.089535,1.089535,1.089535,0
1716094090,1.089515,1.089515,1.089515,1.089515,0
1716094091,1.089535,1.089535,1.089535,1.089535,0
1716094092,1.089535,1.089535,1.089535,1.089535,0
1716094093,1.089535,1.089535,1.089535,1.089535,0
1716094094,1.089525,1.089525,1.089525,1.089525,0
1716094095,1.089525,1.089525,1.089525,1.089525,0
1716094096,1.089535,1.089535,1.089535,1.089535,0
1716094097,1.089545,1.089545,1.089545,1.089545,0
1716094098,1.089555,1.089555,1.089555,1.089555,0
1716094099,1.089545,1.089545,1.089545,1.089545,0
1716094100,1.089565,1.089565,1.089565,1.089565,0
1716094101,1.089545,1.089545,1.089545,1.089545,0
1716094102,1.089535,1.089535,1.089535,1.089535,0
1716094103,1.089535,1.089535,1.089535,1.089535,0
1716094104,1.089535,1.089535,1.089535,1.089535,0
1716094105,1.089535,1.089535,1.089535,1.089535,0
1716094106,1.089545,1.089545,1.089545,1.089545,0
1716094107,1.089535,1.089535,1.089535,1.089535,0
1716094108,1.089515,1.089515,1.089515,1.089515,0
1716094109,1.089525,1.089525,1.089525,1.089525,0
1716094110,1.089525,1.089525,1.089525,1.089525,0
1716094111,1.089505,1.089505,1.089505,1.089505,0
1716094112,1.089505,1.089505,1.089505,1.089505,0
1716094113,1.089495,1.089495,1.089495,1.089495,0
1716094114,1.089495,1.089495,1.089495,1.089495,0
1716094115,1.089515,1.089515,1.089515,1.089515,0
1716094116,1.089505,1.089505,1.089505,1.089505,0
1716094117,1.089505,1.089505,1.089505,1.089505,0
1716094118,1.089505,1.089505,1.089505,1.089505,0
1716094119,1.089505,1.089505,1.089505,1.089505,0
1716094120,1.089495,1.089495,1.089495,1.089495,0
1716094121,1.089485,1.089485,1.089485,1.089485,0
1716094122,1.089445,1.089445,1.089445,1.089445,0
1716094123,1.089435,1.089435,1.089435,1.089435,0
1716094124,1.089445,1.089445,1.089445,1.089445,0
1716094125,1.089435,1.089435,1.089435,1.089435,0
1716094126,1.089435,1.089435,1.089435,1.089435,0
1716094127,1.089415,1.089415,1.089415,1.089415,0
1716094128,1.089405,1.089405,1.089405,1.089405,0
1716094129,1.089415,1.089415,1.089415,1.089415,0
1716094130,1.089415,1.089415,1.089415,1.089415,0
1716094131,1.089415,1.089415,1.089415,1.089415,0
1716094132,1.089405,1.089405,1.089405,1.089405,0
1716094133,1.089405,1.089405,1.089405,1.089405,0
1716094134,1.089405,1.089405,1.089405,1.089405,0
1716094135,1.089405,1.089405,1.089405,1.089405,0
1716094136,1.089405,1.089405,1.089405,1.089405,0
1716094137,1.089385,1.089385,1.089385,1.089385,0
1716094138,1.089395,1.089395,1.089395,1.089395,0
1716094139,1.089405,1.089405,1.089405,1.089405,0
1716094140,1.089405,1.089405,1.089405,1.089405,0
1716094141,1.089405,1.089405,1.089405,1.089405,0
1716094142,1.089395,1.089395,1.089395,1.089395,0
1716094143,1.089385,1.089385,1.089385,1.089385,0
1716094144,1.089375,1.089375,1.089375,1.089375,0
1716094145,1.089355,1.089355,1.089355,1.089355,0
1716094146,1.089365,1.089365,1.089365,1.089365,0
1716094147,1.089355,1.089355,1.089355,1.089355,0
1716094148,1.089365,1.089365,1.089365,1.089365,0
1716094149,1.089365,1.089365,1.089365,1.089365,0
1716094150,1.089345,1.089345,1.089345,1.089345,0
1716094151,1.089365,1.089365,1.089365,1.089365,0
1716094152,1.089375,1.089375,1.089375,1.089375,0
1716094153,1.089375,1.089375,1.089375,1.089375,0
1716094154,1.089375,1.089375,1.089375,1.089375,0
1716094155,1.089375,1.089375,1.089375,1.089375,0
1716094156,1.089375,1.089375,1.089375,1.089375,0
1716094157,1.089395,1.089395,1.089395,1.089395,0
1716094158,1.089405,1.089405,1.089405,1.089405,0
1716094159,1.089425,1.089425,1.089425,1.089425,0
1716094160,1.089435,1.089435,1.089435,1.089435,0
1716094161,1.089425,1.089425,1.089425,1.089425,0
1716094162,1.089415,1.089415,1.089415,1.089415,0
1716094163,1.089425,1.089425,1.089425,1.089425,0
1716094164,1.089425,1.089425,1.089425,1.089425,0
1716094165,1.089415,1.089415,1.089415,1.089415,0
1716094166,1.089425,1.089425,1.089425,1.089425,0
1716094167,1.089425,1.089425,1.089425,1.089425,0
1716094168,1.089415,1.089415,1.089415,1.089415,0
1716094169,1.089415,1.089415,1.089415,1.089415,0
1716094170,1.089405,1.089405,1.089405,1.089405,0
1716094171,1.089425,1.089425,1.089425,1.089425,0
1716094172,1.089425,1.089425,1.089425,1.089425,0
1716094173,1.089425,1.089425,1.089425,1.089425,0
1716094174,1.089415,1.089415,1.089415,1.089415,0
1716094175,1.089425,1.089425,1.089425,1.089425,0
1716094176,1.089415,1.089415,1.089415,1.089415,0
1716094177,1.089425,1.089425,1.089425,1.089425,0
1716094178,1.089435,1.089435,1.089435,1.089435,0
1716094179,1.089445,1.089445,1.089445,1.089445,0
1716094180,1.089455,1.089455,1.089455,1.089455,0
1716094181,1.089445,1.089445,1.089445,1.089445,0
1716094182,1.089435,1.089435,1.089435,1.089435,0
1716094183,1.089435,1.089435,1.089435,1.089435,0
1716094184,1.089445,1.089445,1.089445,1.089445,0
1716094185,1.089445,1.089445,1.089445,1.089445,0
1716094186,1.089445,1.089445,1.089445,1.089445,0
1716094187,1.089435,1.089435,1.089435,1.089435,0
1716094188,1.089445,1.089445,1.089445,1.089445,0
1716094189,1.089435,1.089435,1.089435,1.089435,0
1716094190,1.089415,1.089415,1.089415,1.089415,0
1716094191,1.089425,1.089425,1.089425,1.089425,0
1716094192,1.089425,1.089425,1.089425,1.089425,0
1716094193,1.089435,1.089435,1.089435,1.089435,0
1716094194,1.089435,1.089435,1.089435,1.089435,0
1716094195,1.089385,1.089385,1.089385,1.089385,0
1716094196,1.089395,1.089395,1.089395,1.089395,0
1716094197,1.089405,1.089405,1.089405,1.089405,0
1716094198,1.089405,1.089405,1.089405,1.089405,0
1716094199,1.089405,1.089405,1.089405,1.089405,0
1716094200,1.089385,1.089385,1.089385,1.089385,0
1716094201,1.089365,1.089365,1.089365,1.089365,0
1716094202,1.089365,1.089365,1.089365,1.089365,0
1716094203,1.089375,1.089375,1.089375,1.089375,0
1716094204,1.089385,1.089385,1.089385,1.089385,0
1716094205,1.089395,1.089395,1.089395,1.089395,0
1716094206,1.089385,1.089385,1.089385,1.089385,0
1716094207,1.089385,1.089385,1.089385,1.089385,0
1716094208,1.089385,1.089385,1.089385,1.089385,0
1716094209,1.089385,1.089385,1.089385,1.089385,0
1716094210,1.089375,1.089375,1.089375,1.089375,0
1716094211,1.089365,1.089365,1.089365,1.089365,0
1716094212,1.089365,1.089365,1.089365,1.089365,0
1716094213,1.089365,1.089365,1.089365,1.089365,0
1716094214,1.089365,1.089365,1.089365,1.089365,0
1716094215,1.089365,1.089365,1.089365,1.089365,0
1716094216,1.089375,1.089375,1.089375,1.089375,0
1716094217,1.089365,1.089365,1.089365,1.089365,0
1716094218,1.089365,1.089365,1.089365,1.089365,0
1716094219,1.089345,1.089345,1.089345,1.089345,0
1716094220,1.089355,1.089355,1.089355,1.089355,0
1716094221,1.089345,1.089345,1.089345,1.089345,0
1716094222,1.089345,1.089345,1.089345,1.089345,0
1716094223,1.089365,1.089365,1.089365,1.089365,0
1716094224,1.089355,1.089355,1.089355,1.089355,0
1716094225,1.089355,1.089355,1.089355,1.089355,0
1716094226,1.089365,1.089365,1.089365,1.089365,0
1716094227,1.089345,1.089345,1.089345,1.089345,0
1716094228,1.089355,1.089355,1.089355,1.089355,0
1716094229,1.089345,1.089345,1.089345,1.089345,0
1716094230,1.089345,1.089345,1.089345,1.089345,0
1716094231,1.089345,1.089345,1.089345,1.089345,0
1716094232,1.089325,1.089325,1.089325,1.089325,0
1716094233,1.089315,1.089315,1.089315,1.089315,0
1716094234,1.089305,1.089305,1.089305,1.089305,0
1716094235,1.089325,1.089325,1.089325,1.089325,0
1716094236,1.089345,1.089345,1.089345,1.089345,0
1716094237,1.089335,1.089335,1.089335,1.089335,0
1716094238,1.089335,1.089335,1.089335,1.089335,0
1716094239,1.089345,1.089345,1.089345,1.089345,0
1716094240,1.089345,1.089345,1.089345,1.089345,0
1716094241,1.089335,1.089335,1.089335,1.089335,0
1716094242,1.089345,1.089345,1.089345,1.089345,0
1716094243,1.089345,1.089345,1.089345,1.089345,0
1716094244,1.089335,1.089335,1.089335,1.089335,0
1716094245,1.089325,1.089325,1.089325,1.089325,0
1716094246,1.089315,1.089315,1.089315,1.089315,0
1716094247,1.089335,1.089335,1.089335,1.089335,0
1716094248,1.089345,1.089345,1.089345,1.089345,0
1716094249,1.089335,1.089335,1.089335,1.089335,0
1716094250,1.089345,1.089345,1.089345,1.089345,0
1716094251,1.089345,1.089345,1.089345,1.089345,0
1716094252,1.089355,1.089355,1.089355,1.089355,0
1716094253,1.089355,1.089355,1.089355,1.089355,0
1716094254,1.089365,1.089365,1.089365,1.089365,0
1716094255,1.089365,1.089365,1.089365,1.089365,0
1716094256,1.089375,1.089375,1.089375,1.089375,0
1716094257,1.089375,1.089375,1.089375,1.089375,0
1716094258,1.089375,1.089375,1.089375,1.089375,0
1716094259,1.089375,1.089375,1.089375,1.089375,0
1716094260,1.089375,1.089375,1.089375,1.089375,0
1716094261,1.089385,1.089385,1.089385,1.089385,0
1716094262,1.089395,1.089395,1.089395,1.089395,0
1716094263,1.089395,1.089395,1.089395,1.089395,0
1716094264,1.089395,1.089395,1.089395,1.089395,0
1716094265,1.089405,1.089405,1.089405,1.089405,0
1716094266,1.089375,1.089375,1.089375,1.089375,0
1716094267,1.089385,1.089385,1.089385,1.089385,0
1716094268,1.089375,1.089375,1.089375,1.089375,0
1716094269,1.089375,1.089375,1.089375,1.089375,0
1716094270,1.089375,1.089375,1.089375,1.089375,0
1716094271,1.089365,1.089365,1.089365,1.089365,0
1716094272,1.089365,1.089365,1.089365,1.089365,0
1716094273,1.089365,1.089365,1.089365,1.089365,0
1716094274,1.089365,1.089365,1.089365,1.089365,0
1716094275,1.089345,1.089345,1.089345,1.089345,0
1716094276,1.089345,1.089345,1.089345,1.089345,0
1716094277,1.089355,1.089355,1.089355,1.089355,0
1716094278,1.089355,1.089355,1.089355,1.089355,0
1716094279,1.089345,1.089345,1.089345,1.089345,0
1716094280,1.089345,1.089345,1.089345,1.089345,0
1716094281,1.089355,1.089355,1.089355,1.089355,0
1716094282,1.089365,1.089365,1.089365,1.089365,0
1716094283,1.089365,1.089365,1.089365,1.089365,0
1716094284,1.089345,1.089345,1.089345,1.089345,0
1716094285,1.089365,1.089365,1.089365,1.089365,0
1716094286,1.089365,1.089365,1.089365,1.089365,0
1716094287,1.089355,1.089355,1.089355,1.089355,0
1716094288,1.089345,1.089345,1.089345,1.089345,0
1716094289,1.089345,1.089345,1.089345,1.089345,0
1716094290,1.089345,1.089345,1.089345,1.089345,0
1716094291,1.089365,1.089365,1.089365,1.089365,0
1716094292,1.089355,1.089355,1.089355,1.089355,0
1716094293,1.089365,1.089365,1.089365,1.089365,0
1716094294,1.089345,1.089345,1.089345,1.089345,0
1716094295,1.089335,1.089335,1.089335,1.089335,0
1716094296,1.089315,1.089315,1.089315,1.089315,0
1716094297,1.089315,1.089315,1.089315,1.089315,0
1716094298,1.089305,1.089305,1.089305,1.089305,0
1716094299,1.089305,1.089305,1.089305,1.089305,0
1716094300,1.089315,1.089315,1.089315,1.089315,0
1716094301,1.089335,1.089335,1.089335,1.089335,0
1716094302,1.089325,1.089325,1.089325,1.089325,0
1716094303,1.089325,1.089325,1.089325,1.089325,0
1716094304,1.089325,1.089325,1.089325,1.089325,0
1716094305,1.089325,1.089325,1.089325,1.089325,0
1716094306,1.089325,1.089325,1.089325,1.089325,0
1716094307,1.089335,1.089335,1.089335,1.089335,0
1716094308,1.089345,1.089345,1.089345,1.089345,0
1716094309,1.089335,1.089335,1.089335,1.089335,0
1716094310,1.089335,1.089335,1.089335,1.089335,0
1716094311,1.089315,1.089315,1.089315,1.089315,0
1716094312,1.089315,1.089315,1.089315,1.089315,0
1716094313,1.089315,1.089315,1.089315,1.089315,0
1716094314,1.089335,1.089335,1.089335,1.089335,0
1716094315,1.089315,1.089315,1.089315,1.089315,0
1716094316,1.089335,1.089335,1.089335,1.089335,0
1716094317,1.089335,1.089335,1.089335,1.089335,0
1716094318,1.089315,1.089315,1.089315,1.089315,0
1716094319,1.089325,1.089325,1.089325,1.089325,0
1716094320,1.089315,1.089315,1.089315,1.089315,0
1716094321,1.089315,1.089315,1.089315,1.089315,0
1716094322,1.089315,1.089315,1.089315,1.089315,0
1716094323,1.089315,1.089315,1.089315,1.089315,0
1716094324,1.089315,1.089315,1.089315,1.089315,0
1716094325,1.089315,1.089315,1.089315,1.089315,0
1716094326,1.089315,1.089315,1.089315,1.089315,0
1716094327,1.089355,1.089355,1.089355,1.089355,0
1716094328,1.089355,1.089355,1.089355,1.089355,0
1716094329,1.089375,1.089375,1.089375,1.089375,0
1716094330,1.089365,1.089365,1.089365,1.089365,0
1716094331,1.089365,1.089365,1.089365,1.089365,0
1716094332,1.089375,1.089375,1.089375,1.089375,0
1716094333,1.089395,1.089395,1.089395,1.089395,0
1716094334,1.089405,1.089405,1.089405,1.089405,0
1716094335,1.089385,1.089385,1.089385,1.089385,0
1716094336,1.089385,1.089385,1.089385,1.089385,0
1716094337,1.089385,1.089385,1.089385,1.089385,0
1716094338,1.089385,1.089385,1.089385,1.089385,0
1716094339,1.089375,1.089375,1.089375,1.089375,0
1716094340,1.089365,1.089365,1.089365,1.089365,0
1716094341,1.089375,1.089375,1.089375,1.089375,0
1716094342,1.089375,1.089375,1.089375,1.089375,0
1716094343,1.089375,1.089375,1.089375,1.089375,0
1716094344,1.089365,1.089365,1.089365,1.089365,0
1716094345,1.089385,1.089385,1.089385,1.089385,0
1716094346,1.089375,1.089375,1.089375,1.089375,0
1716094347,1.089385,1.089385,1.089385,1.089385,0
1716094348,1.089365,1.089365,1.089365,1.089365,0
1716094349,1.089365,1.089365,1.089365,1.089365,0
1716094350,1.089335,1.089335,1.089335,1.089335,0
1716094351,1.089345,1.089345,1.089345,1.089345,0
1716094352,1.089345,1.089345,1.089345,1.089345,0
1716094353,1.089335,1.089335,1.089335,1.089335,0
1716094354,1.089335,1.089335,1.089335,1.089335,0
1716094355,1.089335,1.089335,1.089335,1.089335,0
1716094356,1.089335,1.089335,1.089335,1.089335,0
1716094357,1.089335,1.089335,1.089335,1.089335,0
1716094358,1.089315,1.089315,1.089315,1.089315,0
1716094359,1.089315,1.089315,1.089315,1.089315,0
1716094360,1.089295,1.089295,1.089295,1.089295,0
1716094361,1.089295,1.089295,1.089295,1.089295,0
1716094362,1.089305,1.089305,1.089305,1.089305,0
1716094363,1.089295,1.089295,1.089295,1.089295,0
1716094364,1.089295,1.089295,1.089295,1.089295,0
1716094365,1.089275,1.089275,1.089275,1.089275,0
1716094366,1.089265,1.089265,1.089265,1.089265,0
1716094367,1.089255,1.089255,1.089255,1.089255,0
1716094368,1.089255,1.089255,1.089255,1.089255,0
1716094369,1.089265,1.089265,1.089265,1.089265,0
1716094370,1.089265,1.089265,1.089265,1.089265,0
1716094371,1.089265,1.089265,1.089265,1.089265,0
1716094372,1.089265,1.089265,1.089265,1.089265,0
1716094373,1.089255,1.089255,1.089255,1.089255,0
1716094374,1.089265,1.089265,1.089265,1.089265,0
1716094375,1.089265,1.089265,1.089265,1.089265,0
1716094376,1.089265,1.089265,1.089265,1.089265,0
1716094377,1.089275,1.089275,1.089275,1.089275,0
1716094378,1.089265,1.089265,1.089265,1.089265,0
1716094379,1.089265,1.089265,1.089265,1.089265,0
1716094380,1.089275,1.089275,1.089275,1.089275,0
1716094381,1.089275,1.089275,1.089275,1.089275,0
1716094382,1.089265,1.089265,1.089265,1.089265,0
1716094383,1.089265,1.089265,1.089265,1.089265,0
1716094384,1.089265,1.089265,1.089265,1.089265,0
1716094385,1.089255,1.089255,1.089255,1.089255,0
1716094386,1.089245,1.089245,1.089245,1.089245,0
1716094387,1.089245,1.089245,1.089245,1.089245,0
1716094388,1.089235,1.089235,1.089235,1.089235,0
1716094389,1.089235,1.089235,1.089235,1.089235,0
1716094390,1.089255,1.089255,1.089255,1.089255,0
1716094391,1.089265,1.089265,1.089265,1.089265,0
1716094392,1.089245,1.089245,1.089245,1.089245,0
1716094393,1.089245,1.089245,1.089245,1.089245,0
1716094394,1.089245,1.089245,1.089245,1.089245,0
1716094395,1.089225,1.089225,1.089225,1.089225,0
1716094396,1.089235,1.089235,1.089235,1.089235,0
1716094397,1.089245,1.089245,1.089245,1.089245,0
1716094398,1.089235,1.089235,1.089235,1.089235,0
1716094399,1.089235,1.089235,1.089235,1.089235,0
1716094400,1.089225,1.089225,1.089225,1.089225,0
1716094401,1.089225,1.089225,1.089225,1.089225,0
1716094402,1.089225,1.089225,1.089225,1.089225,0
1716094403,1.089235,1.089235,1.089235,1.089235,0
1716094404,1.089245,1.089245,1.089245,1.089245,0
1716094405,1.089255,1.089255,1.089255,1.089255,0
1716094406,1.089255,1.089255,1.089255,1.089255,0
1716094407,1.089245,1.089245,1.089245,1.089245,0
1716094408,1.089245,1.089245,1.089245,1.089245,0
1716094409,1.089245,1.089245,1.089245,1.089245,0
1716094410,1.089235,1.089235,1.089235,1.089235,0
1716094411,1.089235,1.089235,1.089235,1.089235,0
1716094412,1.089235,1.089235,1.089235,1.089235,0
1716094413,1.089235,1.089235,1.089235,1.089235,0
1716094414,1.089255,1.089255,1.089255,1.089255,0
1716094415,1.089245,1.089245,1.089245,1.089245,0
1716094416,1.089235,1.089235,1.089235,1.089235,0
1716094417,1.089225,1.089225,1.089225,1.089225,0
1716094418,1.089215,1.089215,1.089215,1.089215,0
1716094419,1.089225,1.089225,1.089225,1.089225,0
1716094420,1.089205,1.089205,1.089205,1.089205,0
1716094421,1.089195,1.089195,1.089195,1.089195,0
1716094422,1.089185,1.089185,1.089185,1.089185,0
1716094423,1.089205,1.089205,1.089205,1.089205,0
1716094424,1.089205,1.089205,1.089205,1.089205,0
1716094425,1.089205,1.089205,1.089205,1.089205,0
1716094426,1.089215,1.089215,1.089215,1.089215,0
1716094427,1.089215,1.089215,1.089215,1.089215,0
1716094428,1.089215,1.089215,1.089215,1.089215,0
1716094429,1.089215,1.089215,1.089215,1.089215,0
1716094430,1.089225,1.089225,1.089225,1.089225,0
1716094431,1.089235,1.089235,1.089235,1.089235,0
1716094432,1.089245,1.089245,1.089245,1.089245,0
1716094433,1.089235,1.089235,1.089235,1.089235,0
1716094434,1.089235,1.089235,1.089235,1.089235,0
1716094435,1.089225,1.089225,1.089225,1.089225,0
1716094436,1.089205,1.089205,1.089205,1.089205,0
1716094437,1.089205,1.089205,1.089205,1.089205,0
1716094438,1.089215,1.089215,1.089215,1.089215,0
1716094439,1.089205,1.089205,1.089205,1.089205,0
1716094440,1.089195,1.089195,1.089195,1.089195,0
1716094441,1.089215,1.089215,1.089215,1.089215,0
1716094442,1.089215,1.089215,1.089215,1.089215,0
1716094443,1.089195,1.089195,1.089195,1.089195,0
1716094444,1.089195,1.089195,1.089195,1.089195,0
1716094445,1.089175,1.089175,1.089175,1.089175,0
1716094446,1.089175,1.089175,1.089175,1.089175,0
1716094447,1.089185,1.089185,1.089185,1.089185,0
1716094448,1.089185,1.089185,1.089185,1.089185,0
1716094449,1.089205,1.089205,1.089205,1.089205,0
1716094450,1.089225,1.089225,1.089225,1.089225,0
1716094451,1.089225,1.089225,1.089225,1.089225,0
1716094452,1.089225,1.089225,1.089225,1.089225,0
1716094453,1.089235,1.089235,1.089235,1.089235,0
1716094454,1.089235,1.089235,1.089235,1.089235,0
1716094455,1.089235,1.089235,1.089235,1.089235,0
1716094456,1.089255,1.089255,1.089255,1.089255,0
1716094457,1.089265,1.089265,1.089265,1.089265,0
1716094458,1.089305,1.089305,1.089305,1.089305,0
1716094459,1.089305,1.089305,1.089305,1.089305,0
1716094460,1.089295,1.089295,1.089295,1.089295,0
1716094461,1.089285,1.089285,1.089285,1.089285,0
1716094462,1.089295,1.089295,1.089295,1.089295,0
1716094463,1.089295,1.089295,1.089295,1.089295,0
1716094464,1.089285,1.089285,1.089285,1.089285,0
1716094465,1.089285,1.089285,1.089285,1.089285,0
1716094466,1.089285,1.089285,1.089285,1.089285,0
1716094467,1.089265,1.089265,1.089265,1.089265,0
1716094468,1.089275,1.089275,1.089275,1.089275,0
1716094469,1.089275,1.089275,1.089275,1.089275,0
1716094470,1.089275,1.089275,1.089275,1.089275,0
1716094471,1.089285,1.089285,1.089285,1.089285,0
1716094472,1.089295,1.089295,1.089295,1.089295,0
1716094473,1.089295,1.089295,1.089295,1.089295,0
1716094474,1.089315,1.089315,1.089315,1.089315,0
1716094475,1.089335,1.089335,1.089335,1.089335,0
1716094476,1.089335,1.089335,1.089335,1.089335,0
1716094477,1.089345,1.089345,1.089345,1.089345,0
1716094478,1.089335,1.089335,1.089335,1.089335,0
1716094479,1.089335,1.089335,1.089335,1.089335,0
1716094480,1.089335,1.089335,1.089335,1.089335,0
1716094481,1.089345,1.089345,1.089345,1.089345,0
1716094482,1.089345,1.089345,1.089345,1.089345,0
1716094483,1.089345,1.089345,1.089345,1.089345,0
1716094484,1.089335,1.089335,1.089335,1.089335,0
1716094485,1.089345,1.089345,1.089345,1.089345,0
1716094486,1.089335,1.089335,1.089335,1.089335,0
1716094487,1.089325,1.089325,1.089325,1.089325,0
1716094488,1.089315,1.089315,1.089315,1.089315,0
1716094489,1.089335,1.089335,1.089335,1.089335,0
1716094490,1.089335,1.089335,1.089335,1.089335,0
1716094491,1.089335,1.089335,1.089335,1.089335,0
1716094492,1.089335,1.089335,1.089335,1.089335,0
1716094493,1.089345,1.089345,1.089345,1.089345,0
1716094494,1.089345,1.089345,1.089345,1.089345,0
1716094495,1.089355,1.089355,1.089355,1.089355,0
1716094496,1.089345,1.089345,1.089345,1.089345,0
1716094497,1.089345,1.089345,1.089345,1.089345,0
1716094498,1.089335,1.089335,1.089335,1.089335,0
1716094499,1.089325,1.089325,1.089325,1.089325,0
1716094500,1.089315,1.089315,1.089315,1.089315,0
1716094501,1.089325,1.089325,1.089325,1.089325,0
1716094502,1.089295,1.089295,1.089295,1.089295,0
1716094503,1.089285,1.089285,1.089285,1.089285,0
1716094504,1.089275,1.089275,1.089275,1.089275,0
1716094505,1.089255,1.089255,1.089255,1.089255,0
1716094506,1.089255,1.089255,1.089255,1.089255,0
1716094507,1.089255,1.089255,1.089255,1.089255,0
1716094508,1.089265,1.089265,1.089265,1.089265,0
1716094509,1.089275,1.089275,1.089275,1.089275,0
1716094510,1.089275,1.089275,1.089275,1.089275,0
1716094511,1.089275,1.089275,1.089275,1.089275,0
1716094512,1.089275,1.089275,1.089275,1.089275,0
1716094513,1.089235,1.089235,1.089235,1.089235,0
1716094514,1.089235,1.089235,1.089235,1.089235,0
1716094515,1.089235,1.089235,1.089235,1.089235,0
1716094516,1.089235,1.089235,1.089235,1.089235,0
1716094517,1.089235,1.089235,1.089235,1.089235,0
1716094518,1.089205,1.089205,1.089205,1.089205,0
1716094519,1.089195,1.089195,1.089195,1.089195,0
1716094520,1.089205,1.089205,1.089205,1.089205,0
1716094521,1.089195,1.089195,1.089195,1.089195,0
1716094522,1.089195,1.089195,1.089195,1.089195,0
1716094523,1.089185,1.089185,1.089185,1.089185,0
1716094524,1.089185,1.089185,1.089185,1.089185,0
1716094525,1.089185,1.089185,1.089185,1.089185,0
1716094526,1.089175,1.089175,1.089175,1.089175,0
1716094527,1.089195,1.089195,1.089195,1.089195,0
1716094528,1.089185,1.089185,1.089185,1.089185,0
1716094529,1.089165,1.089165,1.089165,1.089165,0
1716094530,1.089145,1.089145,1.089145,1.089145,0
1716094531,1.089155,1.089155,1.089155,1.089155,0
1716094532,1.089145,1.089145,1.089145,1.089145,0
1716094533,1.089165,1.089165,1.089165,1.089165,0
1716094534,1.089165,1.089165,1.089165,1.089165,0
1716094535,1.089155,1.089155,1.089155,1.089155,0
1716094536,1.089135,1.089135,1.089135,1.089135,0
1716094537,1.089125,1.089125,1.089125,1.089125,0
1716094538,1.089145,1.089145,1.089145,1.089145,0
1716094539,1.089145,1.089145,1.089145,1.089145,0
1716094540,1.089145,1.089145,1.089145,1.089145,0
1716094541,1.089165,1.089165,1.089165,1.089165,0
1716094542,1.089155,1.089155,1.089155,1.089155,0
1716094543,1.089155,1.089155,1.089155,1.089155,0
1716094544,1.089165,1.089165,1.089165,1.089165,0
1716094545,1.089145,1.089145,1.089145,1.089145,0
1716094546,1.089135,1.089135,1.089135,1.089135,0
1716094547,1.089115,1.089115,1.089115,1.089115,0
1716094548,1.089095,1.089095,1.089095,1.089095,0
1716094549,1.089115,1.089115,1.089115,1.089115,0
1716094550,1.089095,1.089095,1.089095,1.089095,0
1716094551,1.089085,1.089085,1.089085,1.089085,0
1716094552,1.089095,1.089095,1.089095,1.089095,0
1716094553,1.089085,1.089085,1.089085,1.089085,0
1716094554,1.089085,1.089085,1.089085,1.089085,0
1716094555,1.089095,1.089095,1.089095,1.089095,0
1716094556,1.089095,1.089095,1.089095,1.089095,0
1716094557,1.089075,1.089075,1.089075,1.089075,0
1716094558,1.089095,1.089095,1.089095,1.089095,0
1716094559,1.089085,1.089085,1.089085,1.089085,0
1716094560,1.089085,1.089085,1.089085,1.089085,0
1716094561,1.089075,1.089075,1.089075,1.089075,0
1716094562,1.089075,1.089075,1.089075,1.089075,0
1716094563,1.089075,1.089075,1.089075,1.089075,0
1716094564,1.089075,1.089075,1.089075,1.089075,0
1716094565,1.089075,1.089075,1.089075,1.089075,0
1716094566,1.089115,1.089115,1.089115,1.089115,0
1716094567,1.089115,1.089115,1.089115,1.089115,0
1716094568,1.089095,1.089095,1.089095,1.089095,0
1716094569,1.089085,1.089085,1.089085,1.089085,0
1716094570,1.089065,1.089065,1.089065,1.089065,0
1716094571,1.089075,1.089075,1.089075,1.089075,0
1716094572,1.089075,1.089075,1.089075,1.089075,0
1716094573,1.089085,1.089085,1.089085,1.089085,0
1716094574,1.089075,1.089075,1.089075,1.089075,0
1716094575,1.089075,1.089075,1.089075,1.089075,0
1716094576,1.089065,1.089065,1.089065,1.089065,0
1716094577,1.089065,1.089065,1.089065,1.089065,0
1716094578,1.089075,1.089075,1.089075,1.089075,0
1716094579,1.089075,1.089075,1.089075,1.089075,0
1716094580,1.089075,1.089075,1.089075,1.089075,0
1716094581,1.089095,1.089095,1.089095,1.089095,0
1716094582,1.089095,1.089095,1.089095,1.089095,0
1716094583,1.089095,1.089095,1.089095,1.089095,0
1716094584,1.089105,1.089105,1.089105,1.089105,0
1716094585,1.089115,1.089115,1.089115,1.089115,0
1716094586,1.089125,1.089125,1.089125,1.089125,0
1716094587,1.089125,1.089125,1.089125,1.089125,0
1716094588,1.089125,1.089125,1.089125,1.089125,0
1716094589,1.089135,1.089135,1.089135,1.089135,0
1716094590,1.089135,1.089135,1.089135,1.089135,0
1716094591,1.089135,1.089135,1.089135,1.089135,0
1716094592,1.089135,1.089135,1.089135,1.089135,0
1716094593,1.089135,1.089135,1.089135,1.089135,0
1716094594,1.089145,1.089145,1.089145,1.089145,0
1716094595,1.089135,1.089135,1.089135,1.089135,0
1716094596,1.089135,1.089135,1.089135,1.089135,0
1716094597,1.089135,1.089135,1.089135,1.089135,0
1716094598,1.089145,1.089145,1.089145,1.089145,0
1716094599,1.089155,1.089155,1.089155,1.089155,0
1716094600,1.089145,1.089145,1.089145,1.089145,0
1716094601,1.089145,1.089145,1.089145,1.089145,0
1716094602,1.089145,1.089145,1.089145,1.089145,0
1716094603,1.089135,1.089135,1.089135,1.089135,0
1716094604,1.089145,1.089145,1.089145,1.089145,0
1716094605,1.089145,1.089145,1.089145,1.089145,0
1716094606,1.089155,1.089155,1.089155,1.089155,0
1716094607,1.089155,1.089155,1.089155,1.089155,0
1716094608,1.089145,1.089145,1.089145,1.089145,0
1716094609,1.089145,1.089145,1.089145,1.089145,0
1716094610,1.089165,1.089165,1.089165,1.089165,0
1716094611,1.089165,1.089165,1.089165,1.089165,0
1716094612,1.089155,1.089155,1.089155,1.089155,0
1716094613,1.089145,1.089145,1.089145,1.089145,0
1716094614,1.089155,1.089155,1.089155,1.089155,0
1716094615,1.089165,1.089165,1.089165,1.089165,0
1716094616,1.089185,1.089185,1.089185,1.089185,0
1716094617,1.089195,1.089195,1.089195,1.089195,0
1716094618,1.089195,1.089195,1.089195,1.089195,0
1716094619,1.089205,1.089205,1.089205,1.089205,0
1716094620,1.089215,1.089215,1.089215,1.089215,0
1716094621,1.089225,1.089225,1.089225,1.089225,0
1716094622,1.089225,1.089225,1.089225,1.089225,0
1716094623,1.089215,1.089215,1.089215,1.089215,0
1716094624,1.089225,1.089225,1.089225,1.089225,0
1716094625,1.089185,1.089185,1.089185,1.089185,0
1716094626,1.089185,1.089185,1.089185,1.089185,0
1716094627,1.089185,1.089185,1.089185,1.089185,0
1716094628,1.089175,1.089175,1.089175,1.089175,0
1716094629,1.089175,1.089175,1.089175,1.089175,0
1716094630,1.089185,1.089185,1.089185,1.089185,0
1716094631,1.089175,1.089175,1.089175,1.089175,0
1716094632,1.089175,1.089175,1.089175,1.089175,0
1716094633,1.089165,1.089165,1.089165,1.089165,0
1716094634,1.089165,1.089165,1.089165,1.089165,0
1716094635,1.089155,1.089155,1.089155,1.089155,0
1716094636,1.089145,1.089145,1.089145,1.089145,0
1716094637,1.089155,1.089155,1.089155,1.089155,0
1716094638,1.089155,1.089155,1.089155,1.089155,0
1716094639,1.089155,1.089155,1.089155,1.089155,0
1716094640,1.089145,1.089145,1.089145,1.089145,0
1716094641,1.089155,1.089155,1.089155,1.089155,0
1716094642,1.089155,1.089155,1.089155,1.089155,0
1716094643,1.089165,1.089165,1.089165,1.089165,0
1716094644,1.089175,1.089175,1.089175,1.089175,0
1716094645,1.089175,1.089175,1.089175,1.089175,0
1716094646,1.089185,1.089185,1.089185,1.089185,0
1716094647,1.089195,1.089195,1.089195,1.089195,0
1716094648,1.089195,1.089195,1.089195,1.089195,0
1716094649,1.089195,1.089195,1.089195,1.089195,0
1716094650,1.089165,1.089165,1.089165,1.089165,0
1716094651,1.089155,1.089155,1.089155,1.089155,0
1716094652,1.089155,1.089155,1.089155,1.089155,0
1716094653,1.089165,1.089165,1.089165,1.089165,0
1716094654,1.089215,1.089215,1.089215,1.089215,0
1716094655,1.089165,1.089165,1.089165,1.089165,0
1716094656,1.089165,1.089165,1.089165,1.089165,0
1716094657,1.089175,1.089175,1.089175,1.089175,0
1716094658,1.089175,1.089175,1.089175,1.089175,0
1716094659,1.089175,1.089175,1.089175,1.089175,0
1716094660,1.089175,1.089175,1.089175,1.089175,0
1716094661,1.089175,1.089175,1.089175,1.089175,0
1716094662,1.089175,1.089175,1.089175,1.089175,0
1716094663,1.089175,1.089175,1.089175,1.089175,0
1716094664,1.089195,1.089195,1.089195,1.089195,0
1716094665,1.089195,1.089195,1.089195,1.089195,0
1716094666,1.089205,1.089205,1.089205,1.089205,0
1716094667,1.089205,1.089205,1.089205,1.089205,0
1716094668,1.089195,1.089195,1.089195,1.089195,0
1716094669,1.089205,1.089205,1.089205,1.089205,0
1716094670,1.089205,1.089205,1.089205,1.089205,0
1716094671,1.089215,1.089215,1.089215,1.089215,0
1716094672,1.089205,1.089205,1.089205,1.089205,0
1716094673,1.089215,1.089215,1.089215,1.089215,0
1716094674,1.089215,1.089215,1.089215,1.089215,0
1716094675,1.089215,1.089215,1.089215,1.089215,0
1716094676,1.089215,1.089215,1.089215,1.089215,0
1716094677,1.089225,1.089225,1.089225,1.089225,0
1716094678,1.089225,1.089225,1.089225,1.089225,0
1716094679,1.089225,1.089225,1.089225,1.089225,0
1716094680,1.089205,1.089205,1.089205,1.089205,0
1716094681,1.089205,1.089205,1.089205,1.089205,0
1716094682,1.089205,1.089205,1.089205,1.089205,0
1716094683,1.089205,1.089205,1.089205,1.089205,0
1716094684,1.089195,1.089195,1.089195,1.089195,0
1716094685,1.089205,1.089205,1.089205,1.089205,0
1716094686,1.089205,1.089205,1.089205,1.089205,0
1716094687,1.089215,1.089215,1.089215,1.089215,0
1716094688,1.089215,1.089215,1.089215,1.089215,0
1716094689,1.089215,1.089215,1.089215,1.089215,0
1716094690,1.089195,1.089195,1.089195,1.089195,0
1716094691,1.089195,1.089195,1.089195,1.089195,0
1716094692,1.089195,1.089195,1.089195,1.089195,0
1716094693,1.089195,1.089195,1.089195,1.089195,0
1716094694,1.089195,1.089195,1.089195,1.089195,0
1716094695,1.089205,1.089205,1.089205,1.089205,0
1716094696,1.089215,1.089215,1.089215,1.089215,0
1716094697,1.089185,1.089185,1.089185,1.089185,0
1716094698,1.089175,1.089175,1.089175,1.089175,0
1716094699,1.089175,1.089175,1.089175,1.089175,0
1716094700,1.089165,1.089165,1.089165,1.089165,0
1716094701,1.089185,1.089185,1.089185,1.089185,0
1716094702,1.089215,1.089215,1.089215,1.089215,0
1716094703,1.089235,1.089235,1.089235,1.089235,0
1716094704,1.089255,1.089255,1.089255,1.089255,0
1716094705,1.089255,1.089255,1.089255,1.089255,0
1716094706,1.089265,1.089265,1.089265,1.089265,0
1716094707,1.089245,1.089245,1.089245,1.089245,0
1716094708,1.089245,1.089245,1.089245,1.089245,0
1716094709,1.089245,1.089245,1.089245,1.089245,0
1716094710,1.089255,1.089255,1.089255,1.089255,0
1716094711,1.089265,1.089265,1.089265,1.089265,0
1716094712,1.089275,1.089275,1.089275,1.089275,0
1716094713,1.089275,1.089275,1.089275,1.089275,0
1716094714,1.089275,1.089275,1.089275,1.089275,0
1716094715,1.089275,1.089275,1.089275,1.089275,0
1716094716,1.089275,1.089275,1.089275,1.089275,0
1716094717,1.089275,1.089275,1.089275,1.089275,0
1716094718,1.089275,1.089275,1.089275,1.089275,0
1716094719,1.089265,1.089265,1.089265,1.089265,0
1716094720,1.089275,1.089275,1.089275,1.089275,0
1716094721,1.089285,1.089285,1.089285,1.089285,0
1716094722,1.089305,1.089305,1.089305,1.089305,0
1716094723,1.089295,1.089295,1.089295,1.089295,0
1716094724,1.089285,1.089285,1.089285,1.089285,0
1716094725,1.089285,1.089285,1.089285,1.089285,0
1716094726,1.089285,1.089285,1.089285,1.089285,0
1716094727,1.089295,1.089295,1.089295,1.089295,0
1716094728,1.089285,1.089285,1.089285,1.089285,0
1716094729,1.089295,1.089295,1.089295,1.089295,0
1716094730,1.089295,1.089295,1.089295,1.089295,0
1716094731,1.089285,1.089285,1.089285,1.089285,0
1716094732,1.089285,1.089285,1.089285,1.089285,0
1716094733,1.089315,1.089315,1.089315,1.089315,0
1716094734,1.089305,1.089305,1.089305,1.089305,0
1716094735,1.089325,1.089325,1.089325,1.089325,0
1716094736,1.089325,1.089325,1.089325,1.089325,0
1716094737,1.089295,1.089295,1.089295,1.089295,0
1716094738,1.089295,1.089295,1.089295,1.089295,0
1716094739,1.089285,1.089285,1.089285,1.089285,0
1716094740,1.089285,1.089285,1.089285,1.089285,0
1716094741,1.089275,1.089275,1.089275,1.089275,0
1716094742,1.089275,1.089275,1.089275,1.089275,0
1716094743,1.089275,1.089275,1.089275,1.089275,0
1716094744,1.089275,1.089275,1.089275,1.089275,0
1716094745,1.089255,1.089255,1.089255,1.089255,0
1716094746,1.089255,1.089255,1.089255,1.089255,0
1716094747,1.089245,1.089245,1.089245,1.089245,0
1716094748,1.089245,1.089245,1.089245,1.089245,0
1716094749,1.089255,1.089255,1.089255,1.089255,0
1716094750,1.089255,1.089255,1.089255,1.089255,0
1716094751,1.089265,1.089265,1.089265,1.089265,0
1716094752,1.089265,1.089265,1.089265,1.089265,0
1716094753,1.089265,1.089265,1.089265,1.089265,0
1716094754,1.089245,1.089245,1.089245,1.089245,0
1716094755,1.089235,1.089235,1.089235,1.089235,0
1716094756,1.089245,1.089245,1.089245,1.089245,0
1716094757,1.089225,1.089225,1.089225,1.089225,0
1716094758,1.089225,1.089225,1.089225,1.089225,0
1716094759,1.089225,1.089225,1.089225,1.089225,0
1716094760,1.089225,1.089225,1.089225,1.089225,0
1716094761,1.089235,1.089235,1.089235,1.089235,0
1716094762,1.089235,1.089235,1.089235,1.089235,0
1716094763,1.089235,1.089235,1.089235,1.089235,0
1716094764,1.089235,1.089235,1.089235,1.089235,0
1716094765,1.089245,1.089245,1.089245,1.089245,0
1716094766,1.089235,1.089235,1.089235,1.089235,0
1716094767,1.089245,1.089245,1.089245,1.089245,0
1716094768,1.089245,1.089245,1.089245,1.089245,0
1716094769,1.089215,1.089215,1.089215,1.089215,0
1716094770,1.089215,1.089215,1.089215,1.089215,0
1716094771,1.089205,1.089205,1.089205,1.089205,0
1716094772,1.089195,1.089195,1.089195,1.089195,0
1716094773,1.089185,1.089185,1.089185,1.089185,0
1716094774,1.089185,1.089185,1.089185,1.089185,0
1716094775,1.089165,1.089165,1.089165,1.089165,0
1716094776,1.089165,1.089165,1.089165,1.089165,0
1716094777,1.089165,1.089165,1.089165,1.089165,0
1716094778,1.089165,1.089165,1.089165,1.089165,0
1716094779,1.089195,1.089195,1.089195,1.089195,0
1716094780,1.089195,1.089195,1.089195,1.089195,0
1716094781,1.089185,1.089185,1.089185,1.089185,0
1716094782,1.089175,1.089175,1.089175,1.089175,0
1716094783,1.089165,1.089165,1.089165,1.089165,0
1716094784,1.089165,1.089165,1.089165,1.089165,0
1716094785,1.089155,1.089155,1.089155,1.089155,0
1716094786,1.089175,1.089175,1.089175,1.089175,0
1716094787,1.089175,1.089175,1.089175,1.089175,0
1716094788,1.089175,1.089175,1.089175,1.089175,0
1716094789,1.089175,1.089175,1.089175,1.089175,0
1716094790,1.089175,1.089175,1.089175,1.089175,0
1716094791,1.089185,1.089185,1.089185,1.089185,0
1716094792,1.089195,1.089195,1.089195,1.089195,0
1716094793,1.089215,1.089215,1.089215,1.089215,0
1716094794,1.089205,1.089205,1.089205,1.089205,0
1716094795,1.089215,1.089215,1.089215,1.089215,0
1716094796,1.089215,1.089215,1.089215,1.089215,0
1716094797,1.089215,1.089215,1.089215,1.089215,0
1716094798,1.089205,1.089205,1.089205,1.089205,0
1716094799,1.089195,1.089195,1.089195,1.089195,0
1716094800,1.089215,1.089215,1.089215,1.089215,0
